{"cameraMode":{"drawMode":0,"name":"Shaded","section":"Shading Mode"},"sceneLighting":true,"audioPlay":false,"sceneViewState":{"m_AlwaysRefresh":false,"showFog":true,"showSkybox":true,"showFlares":true,"showImageEffects":true,"showParticleSystems":true,"showVisualEffectGraphs":true,"m_FxEnabled":true},"in2DMode":false,"pivot":{"x":-0.424951434135437,"y":5.964054107666016,"z":-7.515668869018555},"rotation":{"x":-0.17916549742221833,"y":0.12101871520280838,"z":-0.022070039063692094,"w":-0.9761950969696045},"size":1.8202235698699952,"orthographic":false}